Name,Type,County,Population(2020),Population(2010),Change,Area(sq mi),Area(km2),Population Density,Incorporation Date
Adelanto,City,San Bernardino,38046,31765,+19.8%,52.87,136.9,719.6/sq mi (277.8/km2),December 22 1970
Agoura Hills,City,Los Angeles,20299,20330,−0.2%,7.80,20.2,2602.4/sq mi (1004.8/km2),December 8 1982
Alameda,City,Alameda,78280,73812,+6.1%,10.45,27.1,7490.9/sq mi (2892.3/km2),April 19 1854
Albany,City,Alameda,20271,18539,+9.3%,1.79,4.6,11324.6/sq mi (4372.4/km2),September 22 1908
Alhambra,City,Los Angeles,82868,83089,−0.3%,7.63,19.8,10860.8/sq mi (4193.4/km2),July 11 1903
Aliso Viejo,City,Orange,52176,47823,+9.1%,6.93,17.9,7529.0/sq mi (2907.0/km2),July 1 2001
Alturas,City,Modoc,2715,2827,−4.0%,2.84,7.4,956.0/sq mi (369.1/km2),September 16 1901
Amador City,City,Amador,200,185,+8.1%,0.31,0.80,645.2/sq mi (249.1/km2),June 2 1915
American Canyon,City,Napa,21837,19454,+12.2%,6.09,15.8,3585.7/sq mi (1384.5/km2),January 1 1992
Anaheim,City,Orange,346824,336265,+3.1%,50.27,130.2,6899.2/sq mi (2663.8/km2),March 18 1876
Anderson,City,Shasta,11323,9932,+14.0%,7.03,18.2,1610.7/sq mi (621.9/km2),January 16 1956
Angels Camp,City,Calaveras,3667,3836,−4.4%,3.63,9.4,1010.2/sq mi (390.0/km2),January 16 1912
Antioch,City,Contra Costa,115291,102372,+12.6%,29.17,75.5,3952.4/sq mi (1526.0/km2),February 6 1872
Apple Valley,Town,San Bernardino,75791,69135,+9.6%,77.01,199.5,984.2/sq mi (380.0/km2),November 28 1988
Arcadia,City,Los Angeles,56681,56364,+0.6%,10.93,28.3,5185.8/sq mi (2002.3/km2),August 5 1903
Arcata,City,Humboldt,18857,17231,+9.4%,9.42,24.4,2001.8/sq mi (772.9/km2),February 2 1858
Arroyo Grande,City,San Luis Obispo,18441,17252,+6.9%,5.94,15.4,3104.5/sq mi (1198.7/km2),July 10 1911
Artesia,City,Los Angeles,16395,16522,−0.8%,1.62,4.2,10120.4/sq mi (3907.5/km2),May 29 1959
Arvin,City,Kern,19495,19304,+1.0%,4.82,12.5,4044.6/sq mi (1561.6/km2),December 21 1960
Atascadero,City,San Luis Obispo,29773,28310,+5.2%,26.07,67.5,1142.0/sq mi (440.9/km2),July 2 1979
Atherton,Town,San Mateo,7188,6914,+4.0%,5.02,13.0,1431.9/sq mi (552.8/km2),September 12 1923
Atwater,City,Merced,31970,28168,+13.5%,6.57,17.0,4866.1/sq mi (1878.8/km2),August 16 1922
Auburn,City,Placer,13776,13330,+3.3%,7.18,18.6,1918.7/sq mi (740.8/km2),May 2 1888
Avalon,City,Los Angeles,3460,3728,−7.2%,2.89,7.5,1197.2/sq mi (462.3/km2),June 26 1913
Avenal,City,Kings,13696,15505,−11.7%,19.48,50.5,703.1/sq mi (271.5/km2),September 11 1979
Azusa,City,Los Angeles,50000,46361,+7.8%,9.66,25.0,5176.0/sq mi (1998.5/km2),December 29 1898
Bakersfield,City,Kern,403455,347483,+16.1%,149.78,387.9,2693.7/sq mi (1040.0/km2),January 11 1898
Baldwin Park,City,Los Angeles,72176,75390,−4.3%,6.63,17.2,10886.3/sq mi (4203.2/km2),January 25 1956
Banning,City,Riverside,29505,29603,−0.3%,23.24,60.2,1269.6/sq mi (490.2/km2),February 6 1913
Barstow,City,San Bernardino,25415,22639,+12.3%,41.30,107.0,615.4/sq mi (237.6/km2),September 30 1947
Beaumont,City,Riverside,53036,36877,+43.8%,30.32,78.5,1749.2/sq mi (675.4/km2),November 18 1912
Bell,City,Los Angeles,33559,35477,−5.4%,2.51,6.5,13370.1/sq mi (5162.2/km2),November 7 1927
Bell Gardens,City,Los Angeles,39501,42072,−6.1%,2.46,6.4,16057.3/sq mi (6199.8/km2),August 1 1961
Bellflower,City,Los Angeles,79190,76616,+3.4%,6.12,15.9,12939.5/sq mi (4996.0/km2),September 3 1957
Belmont,City,San Mateo,28335,25835,+9.7%,4.63,12.0,6119.9/sq mi (2362.9/km2),October 29 1926
Belvedere,City,Marin,2126,2068,+2.8%,0.52,1.3,4088.5/sq mi (1578.6/km2),December 24 1896
Benicia,City,Solano,27131,26997,+0.5%,12.81,33.2,2118.0/sq mi (817.7/km2),March 27 1850
Berkeley,City,Alameda,124321,112580,+10.4%,10.43,27.0,11919.6/sq mi (4602.2/km2),April 4 1878
Beverly Hills,City,Los Angeles,32701,34109,−4.1%,5.71,14.8,5727.0/sq mi (2211.2/km2),January 28 1914
Big Bear Lake,City,San Bernardino,5046,5019,+0.5%,6.24,16.2,808.7/sq mi (312.2/km2),November 28 1980
Biggs,City,Butte,1964,1707,+15.1%,0.90,2.3,2182.2/sq mi (842.6/km2),June 26 1903
Bishop,City,Inyo,3819,3879,−1.5%,1.86,4.8,2053.2/sq mi (792.8/km2),May 6 1903
Blue Lake,City,Humboldt,1208,1253,−3.6%,0.59,1.5,2047.5/sq mi (790.5/km2),April 23 1910
Blythe,City,Riverside,18317,20817,−12.0%,26.58,68.8,689.1/sq mi (266.1/km2),July 21 1916
Bradbury,City,Los Angeles,921,1048,−12.1%,1.96,5.1,469.9/sq mi (181.4/km2),July 26 1957
Brawley,City,Imperial,26416,24953,+5.9%,8.12,21.0,3253.2/sq mi (1256.1/km2),April 6 1908
Brea,City,Orange,47325,39282,+20.5%,12.17,31.5,3888.7/sq mi (1501.4/km2),February 23 1917
Brentwood,City,Contra Costa,64292,51481,+24.9%,14.87,38.5,4323.6/sq mi (1669.4/km2),January 21 1948
Brisbane,City,San Mateo,4851,4282,+13.3%,2.99,7.7,1622.4/sq mi (626.4/km2),November 27 1961
Buellton,City,Santa Barbara,5161,4828,+6.9%,1.58,4.1,3266.5/sq mi (1261.2/km2),February 1 1992
Buena Park,City,Orange,84034,80530,+4.4%,10.53,27.3,7980.4/sq mi (3081.3/km2),January 27 1953
Burbank,City,Los Angeles,107337,103340,+3.9%,17.32,44.9,6197.3/sq mi (2392.8/km2),July 8 1911
Burlingame,City,San Mateo,31386,28806,+9.0%,4.39,11.4,7149.4/sq mi (2760.4/km2),June 6 1908
Calabasas,City,Los Angeles,23241,23058,+0.8%,13.71,35.5,1695.2/sq mi (654.5/km2),April 5 1991
Calexico,City,Imperial,38633,38572,+0.2%,8.62,22.3,4481.8/sq mi (1730.4/km2),April 16 1908
California City,City,Kern,14973,14120,+6.0%,203.61,527.3,73.5/sq mi (28.4/km2),December 10 1965
Calimesa,City,Riverside,10026,7879,+27.2%,14.86,38.5,674.7/sq mi (260.5/km2),December 1 1990
Calipatria,City,Imperial,6515,7705,−15.4%,3.70,9.6,1760.8/sq mi (679.9/km2),February 28 1919
Calistoga,City,Napa,5228,5155,+1.4%,2.58,6.7,2026.4/sq mi (782.4/km2),January 6 1886
Camarillo,City,Ventura,70741,65201,+8.5%,19.69,51.0,3592.7/sq mi (1387.2/km2),March 28 1964
Campbell,City,Santa Clara,43959,39349,+11.7%,6.08,15.7,7230.1/sq mi (2791.6/km2),March 28 1952
Canyon Lake,City,Riverside,11082,10561,+4.9%,3.92,10.2,2827.0/sq mi (1091.5/km2),December 1 1990
Capitola,City,Santa Cruz,9938,9918,+0.2%,1.59,4.1,6250.3/sq mi (2413.3/km2),January 11 1949
Carlsbad,City,San Diego,114746,105328,+8.9%,37.77,97.8,3038.0/sq mi (1173.0/km2),July 16 1952
Carmel-by-the-Sea,City,Monterey,3220,3722,−13.5%,1.06,2.7,3037.7/sq mi (1172.9/km2),October 31 1916
Carpinteria,City,Santa Barbara,13264,13040,+1.7%,2.59,6.7,5121.2/sq mi (1977.3/km2),September 28 1965
Carson,City,Los Angeles,95558,91714,+4.2%,18.73,48.5,5101.9/sq mi (1969.8/km2),February 20 1968
Cathedral City,City,Riverside,51493,51200,+0.6%,22.49,58.2,2289.6/sq mi (884.0/km2),November 16 1981
Ceres,City,Stanislaus,49302,45417,+8.6%,9.50,24.6,5189.7/sq mi (2003.7/km2),February 25 1918
Cerritos,City,Los Angeles,49578,49041,+1.1%,8.73,22.6,5679.0/sq mi (2192.7/km2),April 24 1956
Chico,City,Butte,101475,86187,+17.7%,34.14,88.4,2972.3/sq mi (1147.6/km2),January 8 1872
Chino,City,San Bernardino,91403,77983,+17.2%,29.61,76.7,3086.9/sq mi (1191.9/km2),February 28 1910
Chino Hills,City,San Bernardino,78411,74799,+4.8%,44.65,115.6,1756.1/sq mi (678.0/km2),December 1 1991
Chowchilla,City,Madera,19039,18720,+1.7%,11.09,28.7,1716.8/sq mi (662.8/km2),February 7 1923
Chula Vista,City,San Diego,275487,243916,+12.9%,49.64,128.6,5549.7/sq mi (2142.8/km2),November 28 1911
Citrus Heights,City,Sacramento,87583,83301,+5.1%,14.22,36.8,6159.1/sq mi (2378.1/km2),January 1 1997
City of Industry,City,Los Angeles,264,219,+20.5%,11.78,30.5,22.4/sq mi (8.7/km2),June 18 1957
Claremont,City,Los Angeles,37266,34926,+6.7%,13.34,34.6,2793.6/sq mi (1078.6/km2),October 3 1907
Clayton,City,Contra Costa,11070,10897,+1.6%,3.84,9.9,2882.8/sq mi (1113.1/km2),March 18 1964
Clearlake,City,Lake,16685,15250,+9.4%,10.13,26.2,1647.1/sq mi (635.9/km2),November 14 1980
Cloverdale,City,Sonoma,8996,8618,+4.4%,3.14,8.1,2865.0/sq mi (1106.2/km2),February 28 1872
Clovis,City,Fresno,120124,95631,+25.6%,25.42,65.8,4725.6/sq mi (1824.6/km2),February 27 1912
Coachella,City,Riverside,41941,40704,+3.0%,30.08,77.9,1394.3/sq mi (538.3/km2),December 13 1946
Coalinga,City,Fresno,17590,13380,+31.5%,6.85,17.7,2567.9/sq mi (991.5/km2),April 3 1906
Colfax,City,Placer,1995,1963,+1.6%,1.41,3.7,1414.9/sq mi (546.3/km2),February 23 1910
Colma,Town,San Mateo,1507,1792,−15.9%,1.89,4.9,797.4/sq mi (307.9/km2),August 5 1924
Colton,City,San Bernardino,53909,52154,+3.4%,15.55,40.3,3466.8/sq mi (1338.5/km2),July 11 1887
Colusa,City,Colusa,6411,5971,+7.4%,3.42,8.9,1874.6/sq mi (723.8/km2),June 16 1868
Commerce,City,Los Angeles,12378,12823,−3.5%,6.53,16.9,1895.6/sq mi (731.9/km2),January 28 1960
Compton,City,Los Angeles,95740,96455,−0.7%,10.03,26.0,9545.4/sq mi (3685.5/km2),May 11 1888
Concord,City,Contra Costa,125410,122067,+2.7%,30.55,79.1,4105.1/sq mi (1585.0/km2),February 9 1905
Corcoran,City,Kings,22339,24813,−10.0%,7.46,19.3,2994.5/sq mi (1156.2/km2),August 11 1914
Corning,City,Tehama,8244,7663,+7.6%,3.55,9.2,2322.3/sq mi (896.6/km2),August 6 1907
Corona,City,Riverside,157136,152374,+3.1%,39.94,103.4,3934.3/sq mi (1519.0/km2),July 13 1896
Coronado,City,San Diego,20192,18912,+6.8%,7.81,20.2,2585.4/sq mi (998.2/km2),December 11 1890
Corte Madera,Town,Marin,10222,9253,+10.5%,3.16,8.2,3234.8/sq mi (1249.0/km2),June 10 1916
Costa Mesa,City,Orange,111918,109960,+1.8%,15.81,40.9,7078.9/sq mi (2733.2/km2),June 29 1953
Cotati,City,Sonoma,7584,7265,+4.4%,1.87,4.8,4055.6/sq mi (1565.9/km2),July 16 1963
Covina,City,Los Angeles,51268,47796,+7.3%,7.04,18.2,7282.4/sq mi (2811.7/km2),August 14 1901
Crescent City,City,Del Norte,6673,7643,−12.7%,1.96,5.1,3404.6/sq mi (1314.5/km2),April 13 1854
Cudahy,City,Los Angeles,22811,23805,−4.2%,1.18,3.1,19331.4/sq mi (7463.9/km2),November 10 1960
Culver City,City,Los Angeles,40779,38883,+4.9%,5.11,13.2,7980.2/sq mi (3081.2/km2),September 7 1917
Cupertino,City,Santa Clara,60381,58302,+3.6%,11.33,29.3,5329.3/sq mi (2057.7/km2),October 10 1955
Cypress,City,Orange,50151,47802,+4.9%,6.61,17.1,7587.1/sq mi (2929.4/km2),July 24 1956
Daly City,City,San Mateo,104901,101123,+3.7%,7.64,19.8,13730.5/sq mi (5301.4/km2),March 22 1911
Dana Point,City,Orange,33107,33351,−0.7%,6.49,16.8,5101.2/sq mi (1969.6/km2),January 1 1989
Danville,Town,Contra Costa,43582,42039,+3.7%,18.08,46.8,2410.5/sq mi (930.7/km2),July 1 1982
Davis,City,Yolo,66850,65622,+1.9%,9.97,25.8,6705.1/sq mi (2588.9/km2),March 28 1917
Del Mar,City,San Diego,3954,4161,−5.0%,1.72,4.5,2298.8/sq mi (887.6/km2),July 15 1959
Del Rey Oaks,City,Monterey,1592,1624,−2.0%,1.05,2.7,1516.2/sq mi (585.4/km2),September 3 1953
Delano,City,Kern,51428,53041,−3.0%,14.72,38.1,3493.8/sq mi (1348.9/km2),April 13 1915
Desert Hot Springs,City,Riverside,32512,25938,+25.3%,30.27,78.4,1074.1/sq mi (414.7/km2),September 25 1963
Diamond Bar,City,Los Angeles,55072,55544,−0.8%,14.87,38.5,3703.6/sq mi (1430.0/km2),April 18 1989
Dinuba,City,Tulare,24563,21453,+14.5%,6.51,16.9,3773.1/sq mi (1456.8/km2),January 6 1906
Dixon,City,Solano,18988,18351,+3.5%,7.10,18.4,2674.4/sq mi (1032.6/km2),March 30 1878
Dorris,City,Siskiyou,860,939,−8.4%,0.70,1.8,1228.6/sq mi (474.4/km2),December 23 1908
Dos Palos,City,Merced,5798,4950,+17.1%,1.35,3.5,4294.8/sq mi (1658.2/km2),May 24 1935
Downey,City,Los Angeles,114355,111772,+2.3%,12.41,32.1,9214.7/sq mi (3557.8/km2),December 17 1956
Duarte,City,Los Angeles,21727,21321,+1.9%,6.71,17.4,3238.0/sq mi (1250.2/km2),August 22 1957
Dublin,City,Alameda,72589,46036,+57.7%,15.23,39.4,4766.2/sq mi (1840.2/km2),February 1 1982
Dunsmuir,City,Siskiyou,1707,1650,+3.5%,1.60,4.1,1066.9/sq mi (411.9/km2),August 7 1909
East Palo Alto,City,San Mateo,30034,28155,+6.7%,2.53,6.6,11871.1/sq mi (4583.5/km2),July 1 1983
Eastvale,City,Riverside[11],69757,53670,+30.0%,12.67,32.8[11],5505.7/sq mi (2125.8/km2),October 1 2010
El Cajon,City,San Diego,106215,99478,+6.8%,14.51,37.6,7320.1/sq mi (2826.3/km2),November 12 1912
El Centro,City,Imperial,44322,42598,+4.0%,11.84,30.7,3743.4/sq mi (1445.3/km2),April 16 1908
El Cerrito,City,Contra Costa,25962,23549,+10.2%,3.67,9.5,7074.1/sq mi (2731.3/km2),August 23 1917
El Monte,City,Los Angeles,109450,113475,−3.5%,9.56,24.8,11448.7/sq mi (4420.4/km2),November 18 1912
El Segundo,City,Los Angeles,17272,16654,+3.7%,5.46,14.1,3163.4/sq mi (1221.4/km2),January 18 1917
Elk Grove,City,Sacramento,176124,153015,+15.1%,41.99,108.8,4194.4/sq mi (1619.5/km2),July 1 2000
Emeryville,City,Alameda,12905,10080,+28.0%,1.27,3.3,10161.4/sq mi (3923.3/km2),December 8 1896
Encinitas,City,San Diego,62007,59518,+4.2%,19.06,49.4,3253.3/sq mi (1256.1/km2),October 1 1986
Escalon,City,San Joaquin,7472,7132,+4.8%,2.28,5.9,3277.2/sq mi (1265.3/km2),March 12 1957
Escondido,City,San Diego,151038,143911,+5.0%,37.35,96.7,4043.9/sq mi (1561.3/km2),October 8 1888
Etna,City,Siskiyou,678,737,−8.0%,0.76,2.0,892.1/sq mi (344.4/km2),March 13 1878
Eureka,City,Humboldt,26512,27191,−2.5%,9.54,24.7,2779.0/sq mi (1073.0/km2),April 18 1856
Exeter,City,Tulare,10321,10334,−0.1%,2.46,6.4,4195.5/sq mi (1619.9/km2),March 2 1911
Fairfax,Town,Marin,7605,7441,+2.2%,2.23,5.8,3410.3/sq mi (1316.7/km2),March 2 1931
Fairfield,City,Solano,119881,105321,+13.8%,41.59,107.7,2882.4/sq mi (1112.9/km2),December 12 1903
Farmersville,City,Tulare,10397,10588,−1.8%,2.20,5.7,4725.9/sq mi (1824.7/km2),October 5 1960
Ferndale,City,Humboldt,1398,1371,+2.0%,1.20,3.1,1165.0/sq mi (449.8/km2),August 28 1893
Fillmore,City,Ventura,16419,15002,+9.4%,3.30,8.5,4975.5/sq mi (1921.0/km2),July 10 1914
Firebaugh,City,Fresno,8096,7549,+7.2%,3.52,9.1,2300.0/sq mi (888.0/km2),September 17 1914
Folsom,City,Sacramento,80454,72203,+11.4%,27.88,72.2,2885.7/sq mi (1114.2/km2),April 20 1946
Fontana,City,San Bernardino,208393,196069,+6.3%,43.07,111.6,4838.5/sq mi (1868.1/km2),June 25 1952
Fort Bragg,City,Mendocino,6983,7273,−4.0%,2.90,7.5,2407.9/sq mi (929.7/km2),August 5 1889
Fort Jones,City,Siskiyou,695,839,−17.2%,0.60,1.6,1158.3/sq mi (447.2/km2),March 16 1872
Fortuna,City,Humboldt,12516,11926,+4.9%,5.25,13.6,2384.0/sq mi (920.5/km2),January 20 1906
Foster City,City,San Mateo,33805,30567,+10.6%,3.79,9.8,8919.5/sq mi (3443.8/km2),April 27 1971
Fountain Valley,City,Orange,57047,55313,+3.1%,9.07,23.5,6289.6/sq mi (2428.4/km2),June 13 1957
Fowler,City,Fresno,6700,5570,+20.3%,2.53,6.6,2648.2/sq mi (1022.5/km2),June 15 1908
Fremont,City,Alameda,230504,214089,+7.7%,78.31,202.8,2943.5/sq mi (1136.5/km2),January 23 1956
Fresno,City,Fresno,542107,494665,+9.6%,115.18,298.3,4706.6/sq mi (1817.2/km2),October 12 1885
Fullerton,City,Orange,143617,135161,+6.3%,22.42,58.1,6405.8/sq mi (2473.3/km2),February 15 1904
Galt,City,Sacramento,25383,23647,+7.3%,7.15,18.5,3550.1/sq mi (1370.7/km2),August 16 1946
Garden Grove,City,Orange,171949,170883,+0.6%,17.96,46.5,9574.0/sq mi (3696.5/km2),June 18 1956
Gardena,City,Los Angeles,61027,58829,+3.7%,5.83,15.1,10467.8/sq mi (4041.6/km2),September 11 1930
Gilroy,City,Santa Clara,59520,48821,+21.9%,16.54,42.8,3598.5/sq mi (1389.4/km2),March 12 1870
Glendale,City,Los Angeles,196543,191719,+2.5%,30.48,78.9,6448.3/sq mi (2489.7/km2),February 15 1906
Glendora,City,Los Angeles,52558,50073,+5.0%,19.51,50.5,2693.9/sq mi (1040.1/km2),November 13 1911
Goleta,City,Santa Barbara,32690,29888,+9.4%,7.85,20.3,4164.3/sq mi (1607.9/km2),February 1 2002
Gonzales,City,Monterey,8647,8187,+5.6%,1.91,4.9,4527.2/sq mi (1748.0/km2),January 14 1947
Grand Terrace,City,San Bernardino,13150,12040,+9.2%,3.50,9.1,3757.1/sq mi (1450.6/km2),November 30 1978
Grass Valley,City,Nevada,14016,12860,+9.0%,5.25,13.6,2669.7/sq mi (1030.8/km2),March 13 1893
Greenfield,City,Monterey,18937,16330,+16.0%,2.91,7.5,6507.6/sq mi (2512.6/km2),January 7 1947
Gridley,City,Butte,7421,6584,+12.7%,2.09,5.4,3550.7/sq mi (1370.9/km2),November 23 1905
Grover Beach,City,San Luis Obispo,12701,13156,−3.5%,2.31,6.0,5498.3/sq mi (2122.9/km2),December 21 1959
Guadalupe,City,Santa Barbara,8057,7080,+13.8%,1.31,3.4,6150.4/sq mi (2374.7/km2),August 3 1946
Gustine,City,Merced,6110,5520,+10.7%,1.55,4.0,3941.9/sq mi (1522.0/km2),November 11 1915
Half Moon Bay,City,San Mateo,11795,11324,+4.2%,6.24,16.2,1890.2/sq mi (729.8/km2),July 15 1959
Hanford,City,Kings,57990,53967,+7.5%,17.40,45.1,3332.8/sq mi (1286.8/km2),August 12 1891
Hawaiian Gardens,City,Los Angeles,14149,14254,−0.7%,0.95,2.5,14893.7/sq mi (5750.5/km2),April 9 1964
Hawthorne,City,Los Angeles,88083,84293,+4.5%,6.09,15.8,14463.5/sq mi (5584.4/km2),July 12 1922
Hayward,City,Alameda,162954,144186,+13.0%,45.82,118.7,3556.4/sq mi (1373.1/km2),March 11 1876
Healdsburg,City,Sonoma,11340,11254,+0.8%,4.42,11.4,2565.6/sq mi (990.6/km2),February 20 1867
Hemet,City,Riverside,89833,78657,+14.2%,29.28,75.8,3068.1/sq mi (1184.6/km2),January 20 1910
Hercules,City,Contra Costa,26016,24060,+8.1%,6.41,16.6,4058.7/sq mi (1567.1/km2),December 15 1900
Hermosa Beach,City,Los Angeles,19728,19506,+1.1%,1.43,3.7,13795.8/sq mi (5326.6/km2),January 14 1907
Hesperia,City,San Bernardino,99818,90173,+10.7%,72.68,188.2,1373.4/sq mi (530.3/km2),July 1 1988
Hidden Hills,City,Los Angeles,1725,1856,−7.1%,1.69,4.4,1020.7/sq mi (394.1/km2),January 19 1961
Highland,City,San Bernardino,56999,53104,+7.3%,18.57,48.1,3069.4/sq mi (1185.1/km2),November 24 1987
Hillsborough,Town,San Mateo,11387,10825,+5.2%,6.17,16.0,1845.5/sq mi (712.6/km2),May 5 1910
Hollister,City,San Benito,41678,34928,+19.3%,7.96,20.6,5235.9/sq mi (2021.6/km2),March 26 1872
Holtville,City,Imperial,5605,5939,−5.6%,1.15,3.0,4873.9/sq mi (1881.8/km2),July 1 1908
Hughson,City,Stanislaus,7481,6640,+12.7%,1.91,4.9,3916.8/sq mi (1512.3/km2),December 9 1972
Huntington Beach,City,Orange,198711,189992,+4.6%,27.00,69.9,7359.7/sq mi (2841.6/km2),February 17 1909
Huntington Park,City,Los Angeles,54883,58114,−5.6%,3.01,7.8,18233.6/sq mi (7040.0/km2),September 1 1906
Huron,City,Fresno,6206,6754,−8.1%,1.60,4.1,3878.8/sq mi (1497.6/km2),May 3 1951
Imperial,City,Imperial,20263,14758,+37.3%,6.29,16.3,3221.5/sq mi (1243.8/km2),July 12 1904
Imperial Beach,City,San Diego,26137,26324,−0.7%,4.29,11.1,6092.5/sq mi (2352.3/km2),July 18 1956
Indian Wells,City,Riverside,4757,4958,−4.1%,14.32,37.1,332.2/sq mi (128.3/km2),July 14 1967
Indio,City,Riverside,89137,76036,+17.2%,33.23,86.1,2682.4/sq mi (1035.7/km2),May 16 1930
Inglewood,City,Los Angeles,107762,109673,−1.7%,9.07,23.5,11881.1/sq mi (4587.3/km2),February 7 1908
Ione,City,Amador,5141,7918,−35.1%,4.58,11.9,1122.5/sq mi (433.4/km2),March 23 1953
Irvine,City,Orange,307670,212375,+44.9%,65.61,169.9,4689.4/sq mi (1810.6/km2),December 28 1971
Irwindale,City,Los Angeles,1472,1422,+3.5%,8.83,22.9,166.7/sq mi (64.4/km2),August 6 1957
Isleton,City,Sacramento,794,804,−1.2%,0.44,1.1,1804.5/sq mi (696.7/km2),May 14 1923
Jackson,City,Amador,5019,4651,+7.9%,3.58,9.3,1402.0/sq mi (541.3/km2),December 5 1905
Jurupa Valley,City,Riverside[12],105053,95004,+10.6%,42.94,111.2[12],2446.5/sq mi (944.6/km2),July 1 2011
Kerman,City,Fresno,16016,13544,+18.3%,3.27,8.5,4897.9/sq mi (1891.1/km2),July 2 1946
King City,City,Monterey,13332,12874,+3.6%,3.80,9.8,3508.4/sq mi (1354.6/km2),February 9 1911
Kingsburg,City,Fresno,12380,11382,+8.8%,3.72,9.6,3328.0/sq mi (1284.9/km2),May 29 1908
La Cañada Flintridge,City,Los Angeles,20573,20246,+1.6%,8.63,22.4,2383.9/sq mi (920.4/km2),November 30 1976
La Habra,City,Orange,63097,60239,+4.7%,7.56,19.6,8346.2/sq mi (3222.5/km2),January 20 1925
La Habra Heights,City,Los Angeles,5682,5325,+6.7%,6.16,16.0,922.4/sq mi (356.1/km2),December 4 1978
La Mesa,City,San Diego,61121,57065,+7.1%,9.09,23.5,6724.0/sq mi (2596.1/km2),February 16 1912
La Mirada,City,Los Angeles,48008,48527,−1.1%,7.82,20.3,6139.1/sq mi (2370.3/km2),March 23 1960
La Palma,City,Orange,15581,15568,+0.1%,1.78,4.6,8753.4/sq mi (3379.7/km2),October 26 1955
La Puente,City,Los Angeles,38062,39816,−4.4%,3.48,9.0,10937.4/sq mi (4222.9/km2),August 1 1956
La Quinta,City,Riverside,37558,37467,+0.2%,35.26,91.3,1065.2/sq mi (411.3/km2),May 1 1982
La Verne,City,Los Angeles,31334,31063,+0.9%,8.42,21.8,3721.4/sq mi (1436.8/km2),August 20 1906
Lafayette,City,Contra Costa,25391,23893,+6.3%,15.02,38.9,1690.5/sq mi (652.7/km2),July 29 1968
Laguna Beach,City,Orange,23032,22723,+1.4%,8.89,23.0,2590.8/sq mi (1000.3/km2),June 29 1927
Laguna Hills,City,Orange,31374,30344,+3.4%,6.55,17.0,4789.9/sq mi (1849.4/km2),December 20 1991
Laguna Niguel,City,Orange,64355,62979,+2.2%,14.74,38.2,4366.0/sq mi (1685.7/km2),December 1 1989
Laguna Woods,City,Orange,17644,16192,+9.0%,3.34,8.7,5282.6/sq mi (2039.6/km2),March 24 1999
Lake Elsinore,City,Riverside,70265,51821,+35.6%,38.24,99.0,1837.5/sq mi (709.5/km2),April 9 1888
Lake Forest,City,Orange,85858,77264,+11.1%,16.71,43.3,5138.1/sq mi (1983.8/km2),December 20 1991
Lakeport,City,Lake,5026,4753,+5.7%,3.06,7.9,1642.5/sq mi (634.2/km2),April 30 1888
Lakewood,City,Los Angeles,82496,80048,+3.1%,9.40,24.3,8776.2/sq mi (3388.5/km2),April 16 1954
Lancaster,City,Los Angeles,173516,156633,+10.8%,94.27,244.2,1840.6/sq mi (710.7/km2),November 22 1977
Larkspur,City,Marin,13064,11926,+9.5%,3.00,7.8,4354.7/sq mi (1681.3/km2),March 1 1908
Lathrop,City,San Joaquin,28701,18023,+59.2%,19.83,51.4,1447.4/sq mi (558.8/km2),July 1 1989
Lawndale,City,Los Angeles,31807,32769,−2.9%,1.97,5.1,16145.7/sq mi (6233.9/km2),December 28 1959
Lemon Grove,City,San Diego,27627,25320,+9.1%,3.88,10.0,7120.4/sq mi (2749.2/km2),July 1 1977
Lemoore,City,Kings,27038,24531,+10.2%,8.81,22.8,3069.0/sq mi (1185.0/km2),July 4 1900
Lincoln,City,Placer,49757,42819,+16.2%,24.17,62.6,2058.6/sq mi (794.8/km2),August 7 1890
Lindsay,City,Tulare,12659,11768,+7.6%,2.72,7.0,4654.0/sq mi (1796.9/km2),February 28 1910
Live Oak,City,Sutter,9106,8392,+8.5%,3.12,8.1,2918.6/sq mi (1126.9/km2),January 22 1947
Livermore,City,Alameda,87955,80968,+8.6%,26.45,68.5,3325.3/sq mi (1283.9/km2),April 1 1876
Livingston,City,Merced,14172,13058,+8.5%,3.68,9.5,3851.1/sq mi (1486.9/km2),September 11 1922
Lodi,City,San Joaquin,66348,62134,+6.8%,13.64,35.3,4864.2/sq mi (1878.1/km2),December 6 1906
Loma Linda,City,San Bernardino,24791,23261,+6.6%,7.64,19.8,3244.9/sq mi (1252.9/km2),September 29 1970
Lomita,City,Los Angeles,20921,20256,+3.3%,1.91,4.9,10953.4/sq mi (4229.1/km2),June 30 1964
Lompoc,City,Santa Barbara,44444,42434,+4.7%,11.62,30.1,3824.8/sq mi (1476.8/km2),August 13 1888
Long Beach,City,Los Angeles,466742,462257,+1.0%,50.71,131.3,9204.1/sq mi (3553.7/km2),December 13 1897
Loomis,Town,Placer,6836,6430,+6.3%,7.27,18.8,940.3/sq mi (363.1/km2),December 17 1984
Los Alamitos,City,Orange,11780,11449,+2.9%,4.01,10.4,2937.7/sq mi (1134.2/km2),March 1 1960
Los Altos,City,Santa Clara,31625,28976,+9.1%,6.54,16.9,4835.6/sq mi (1867.0/km2),December 1 1952
Los Altos Hills,Town,Santa Clara,8489,7922,+7.2%,9.03,23.4,940.1/sq mi (363.0/km2),January 27 1956
Los Angeles,City,Los Angeles,3898747,3792621,+2.8%,469.49,1216.0,8304.2/sq mi (3206.3/km2),April 4 1850
Los Banos,City,Merced,45532,35972,+26.6%,9.99,25.9,4557.8/sq mi (1759.8/km2),May 8 1907
Los Gatos,Town,Santa Clara,33529,29413,+14.0%,11.55,29.9,2902.9/sq mi (1120.8/km2),August 10 1887
Loyalton,City,Sierra,740,769,−3.8%,0.36,0.93,2055.6/sq mi (793.7/km2),July 21 1901
Lynwood,City,Los Angeles,67265,69772,−3.6%,4.84,12.5,13897.7/sq mi (5365.9/km2),July 21 1921
Madera,City,Madera,66224,61416,+7.8%,16.48,42.7,4018.4/sq mi (1551.5/km2),March 27 1907
Malibu,City,Los Angeles,10654,12645,−15.7%,19.85,51.4,536.7/sq mi (207.2/km2),March 28 1991
Mammoth Lakes,Town,Mono,7191,8234,−12.7%,24.87,64.4,289.1/sq mi (111.6/km2),August 20 1984
Manhattan Beach,City,Los Angeles,35506,35135,+1.1%,3.93,10.2,9034.6/sq mi (3488.3/km2),December 12 1912
Manteca,City,San Joaquin,83498,67096,+24.4%,21.39,55.4,3903.6/sq mi (1507.2/km2),June 5 1918
Maricopa,City,Kern,1026,1154,−11.1%,1.57,4.1,653.5/sq mi (252.3/km2),July 25 1911
Marina,City,Monterey,22359,19718,+13.4%,8.91,23.1,2509.4/sq mi (968.9/km2),November 13 1975
Martinez,City,Contra Costa,37287,35824,+4.1%,12.63,32.7,2952.3/sq mi (1139.9/km2),April 1 1876
Marysville,City,Yuba,12844,12072,+6.4%,3.46,9.0,3712.1/sq mi (1433.3/km2),February 5 1851
Maywood,City,Los Angeles,25138,27395,−8.2%,1.17,3.0,21485.5/sq mi (8295.6/km2),September 2 1924
McFarland,City,Kern,14161,12707,+11.4%,2.68,6.9,5284.0/sq mi (2040.1/km2),July 18 1957
Mendota,City,Fresno,12595,11014,+14.4%,3.39,8.8,3715.3/sq mi (1434.5/km2),June 17 1942
Menifee,City,Riverside,102527,77519,+32.3%,46.48,120.4,2205.8/sq mi (851.7/km2),October 1 2008
Menlo Park,City,San Mateo,33780,32026,+5.5%,9.99,25.9,3381.4/sq mi (1305.6/km2),November 23 1927
Merced,City,Merced,86333,78958,+9.3%,23.25,60.2,3713.2/sq mi (1433.7/km2),April 1 1889
Mill Valley,City,Marin,14231,13903,+2.4%,4.78,12.4,2977.2/sq mi (1149.5/km2),September 1 1900
Millbrae,City,San Mateo,23216,21532,+7.8%,3.27,8.5,7099.7/sq mi (2741.2/km2),January 14 1948
Milpitas,City,Santa Clara,80273,66790,+20.2%,13.48,34.9,5955.0/sq mi (2299.2/km2),January 26 1954
Mission Viejo,City,Orange,93653,93305,+0.4%,17.66,45.7,5303.1/sq mi (2047.5/km2),March 31 1988
Modesto,City,Stanislaus,218464,201165,+8.6%,43.05,111.5,5074.7/sq mi (1959.3/km2),August 6 1884
Monrovia,City,Los Angeles,37931,36590,+3.7%,13.63,35.3,2782.9/sq mi (1074.5/km2),December 15 1887
Montague,City,Siskiyou,1226,1443,−15.0%,1.78,4.6,688.8/sq mi (265.9/km2),January 28 1909
Montclair,City,San Bernardino,37865,36664,+3.3%,5.53,14.3,6847.2/sq mi (2643.7/km2),April 25 1956
Monte Sereno,City,Santa Clara,3479,3341,+4.1%,1.63,4.2,2134.4/sq mi (824.1/km2),May 14 1957
Montebello,City,Los Angeles,62640,62500,+0.2%,8.33,21.6,7519.8/sq mi (2903.4/km2),October 16 1920
Monterey,City,Monterey,30218,27810,+8.7%,8.65,22.4,3493.4/sq mi (1348.8/km2),June 14 1890
Monterey Park,City,Los Angeles,61096,60269,+1.4%,7.67,19.9,7965.6/sq mi (3075.5/km2),May 29 1916
Moorpark,City,Ventura,36284,34421,+5.4%,12.28,31.8,2954.7/sq mi (1140.8/km2),July 1 1983
Moraga,Town,Contra Costa,16870,16016,+5.3%,9.46,24.5,1783.3/sq mi (688.5/km2),November 13 1974
Moreno Valley,City,Riverside,208634,193365,+7.9%,51.33,132.9,4064.6/sq mi (1569.3/km2),December 3 1984
Morgan Hill,City,Santa Clara,45483,37882,+20.1%,12.94,33.5,3514.9/sq mi (1357.1/km2),November 10 1906
Morro Bay,City,San Luis Obispo,10757,10234,+5.1%,5.33,13.8,2018.2/sq mi (779.2/km2),July 17 1964
Mount Shasta,City,Siskiyou,3223,3394,−5.0%,3.77,9.8,854.9/sq mi (330.1/km2),May 31 1905
Mountain House,City,San Joaquin,24499,9675,+153.2%,4.558,11.81,5374.9/sq mi (2075.3/km2),July 1 2024
Mountain View,City,Santa Clara,82376,74066,+11.2%,11.96,31.0,6887.6/sq mi (2659.3/km2),November 7 1902
Murrieta,City,Riverside,110949,103466,+7.2%,33.61,87.0,3301.1/sq mi (1274.6/km2),July 1 1991
Napa,City,Napa,79246,76915,+3.0%,18.05,46.7,4390.4/sq mi (1695.1/km2),March 23 1872
National City,City,San Diego,56173,58582,−4.1%,7.30,18.9,7694.9/sq mi (2971.0/km2),September 17 1887
Needles,City,San Bernardino,4931,4844,+1.8%,30.58,79.2,161.2/sq mi (62.3/km2),October 30 1913
Nevada City,City,Nevada,3152,3068,+2.7%,2.19,5.7,1439.3/sq mi (555.7/km2),April 19 1856
Newark,City,Alameda,47529,42573,+11.6%,13.92,36.1,3414.4/sq mi (1318.3/km2),September 22 1955
Newman,City,Stanislaus,12351,10224,+20.8%,2.06,5.3,5995.6/sq mi (2314.9/km2),June 10 1908
Newport Beach,City,Orange,85239,85186,+0.1%,23.79,61.6,3583.0/sq mi (1383.4/km2),September 1 1906
Norco,City,Riverside,26316,27063,−2.8%,13.86,35.9,1898.7/sq mi (733.1/km2),December 28 1964
Norwalk,City,Los Angeles,102773,105549,−2.6%,9.71,25.1,10584.2/sq mi (4086.6/km2),August 26 1957
Novato,City,Marin,53225,51904,+2.5%,27.48,71.2,1936.9/sq mi (747.8/km2),January 20 1960
Oakdale,City,Stanislaus,23181,20675,+12.1%,6.23,16.1,3720.9/sq mi (1436.6/km2),November 24 1906
Oakland,City,Alameda,440646,390724,+12.8%,55.93,144.9,7878.5/sq mi (3041.9/km2),May 4 1852
Oakley,City,Contra Costa,43357,35432,+22.4%,15.87,41.1,2732.0/sq mi (1054.8/km2),July 1 1999
Oceanside,City,San Diego,174068,167086,+4.2%,41.27,106.9,4217.8/sq mi (1628.5/km2),July 3 1888
Ojai,City,Ventura,7637,7461,+2.4%,4.36,11.3,1751.6/sq mi (676.3/km2),August 5 1921
Ontario,City,San Bernardino,175265,163924,+6.9%,49.97,129.4,3507.4/sq mi (1354.2/km2),December 10 1891
Orange,City,Orange,139911,134616,+3.9%,25.67,66.5,5450.4/sq mi (2104.4/km2),April 6 1888
Orange Cove,City,Fresno,9649,9078,+6.3%,1.79,4.6,5390.5/sq mi (2081.3/km2),January 20 1948
Orinda,City,Contra Costa,19514,17643,+10.6%,12.85,33.3,1518.6/sq mi (586.3/km2),July 1 1985
Orland,City,Glenn,8298,7291,+13.8%,2.99,7.7,2775.3/sq mi (1071.5/km2),November 11 1909
Oroville,City,Butte,20042,15546,+28.9%,13.83,35.8,1449.2/sq mi (559.5/km2),January 3 1906
Oxnard,City,Ventura,202063,197899,+2.1%,26.53,68.7,7616.4/sq mi (2940.7/km2),June 30 1903
Pacific Grove,City,Monterey,15090,15041,+0.3%,2.87,7.4,5257.8/sq mi (2030.1/km2),July 5 1889
Pacifica,City,San Mateo,38640,37234,+3.8%,12.58,32.6,3071.5/sq mi (1185.9/km2),November 22 1957
Palm Desert,City,Riverside,51163,48445,+5.6%,26.81,69.4,1908.4/sq mi (736.8/km2),November 26 1973
Palm Springs,City,Riverside,44575,44552,+0.1%,94.55,244.9,471.4/sq mi (182.0/km2),April 20 1938
Palmdale,City,Los Angeles,169450,152750,+10.9%,106.06,274.7,1597.7/sq mi (616.9/km2),August 24 1962
Palo Alto,City,Santa Clara,68572,64403,+6.5%,24.10,62.4,2845.3/sq mi (1098.6/km2),April 23 1894
Palos Verdes Estates,City,Los Angeles,13347,13438,−0.7%,4.78,12.4,2792.3/sq mi (1078.1/km2),December 20 1939
Paradise,Town,Butte,4764,26218,−81.8%,18.32,47.4,260.0/sq mi (100.4/km2),November 27 1979
Paramount,City,Los Angeles,53733,54098,−0.7%,4.73,12.3,11360.0/sq mi (4386.1/km2),January 30 1957
Parlier,City,Fresno,14576,14494,+0.6%,2.41,6.2,6048.1/sq mi (2335.2/km2),November 15 1921
Pasadena,City,Los Angeles,138699,137122,+1.2%,22.96,59.5,6040.9/sq mi (2332.4/km2),June 19 1886
Paso Robles,City,San Luis Obispo,31490,29793,+5.7%,19.65,50.9,1602.5/sq mi (618.7/km2),March 11 1889
Patterson,City,Stanislaus,23781,20413,+16.5%,7.79,20.2,3052.8/sq mi (1178.7/km2),December 22 1919
Perris,City,Riverside,78700,68386,+15.1%,31.53,81.7,2496.0/sq mi (963.7/km2),May 26 1911
Petaluma,City,Sonoma,59776,57941,+3.2%,14.42,37.3,4145.4/sq mi (1600.5/km2),April 12 1858
Pico Rivera,City,Los Angeles,62088,62942,−1.4%,8.32,21.5,7462.5/sq mi (2881.3/km2),January 29 1958
Piedmont,City,Alameda,11270,10667,+5.7%,1.70,4.4,6629.4/sq mi (2559.6/km2),January 31 1907
Pinole,City,Contra Costa,19022,18390,+3.4%,5.10,13.2,3729.8/sq mi (1440.1/km2),June 25 1903
Pismo Beach,City,San Luis Obispo,8072,7655,+5.4%,3.50,9.1,2306.3/sq mi (890.5/km2),April 25 1946
Pittsburg,City,Contra Costa,76416,63264,+20.8%,17.68,45.8,4322.2/sq mi (1668.8/km2),June 25 1903
Placentia,City,Orange,51824,50533,+2.6%,6.61,17.1,7840.2/sq mi (3027.1/km2),December 2 1926
Placerville,City,El Dorado,10747,10389,+3.4%,5.84,15.1,1840.2/sq mi (710.5/km2),May 13 1854
Pleasant Hill,City,Contra Costa,34613,33152,+4.4%,7.08,18.3,4888.8/sq mi (1887.6/km2),November 14 1961
Pleasanton,City,Alameda,79871,70285,+13.6%,24.14,62.5,3308.7/sq mi (1277.5/km2),June 18 1894
Plymouth,City,Amador,1078,1005,+7.3%,2.65,6.9,406.8/sq mi (157.1/km2),February 8 1917
Point Arena,City,Mendocino,460,449,+2.4%,1.37,3.5,335.8/sq mi (129.6/km2),July 11 1908
Pomona,City,Los Angeles,151713,149058,+1.8%,22.99,59.5,6599.1/sq mi (2547.9/km2),January 6 1888
Port Hueneme,City,Ventura,21954,21723,+1.1%,4.42,11.4,4967.0/sq mi (1917.8/km2),March 24 1948
Porterville,City,Tulare,62623,54165,+15.6%,18.65,48.3,3357.8/sq mi (1296.5/km2),May 7 1902
Portola,City,Plumas,2100,2104,−0.2%,5.41,14.0,388.2/sq mi (149.9/km2),May 16 1946
Portola Valley,Town,San Mateo,4456,4353,+2.4%,9.08,23.5,490.7/sq mi (189.5/km2),July 14 1964
Poway,City,San Diego,48841,47811,+2.2%,39.08,101.2,1249.8/sq mi (482.5/km2),December 1 1980
Rancho Cordova,City,Sacramento,79332,64776,+22.5%,34.57,89.5,2294.8/sq mi (886.0/km2),July 1 2003
Rancho Cucamonga,City,San Bernardino,174453,165269,+5.6%,40.11,103.9,4349.4/sq mi (1679.3/km2),November 30 1977
Rancho Mirage,City,Riverside,16999,17218,−1.3%,25.35,65.7,670.6/sq mi (258.9/km2),August 3 1973
Rancho Palos Verdes,City,Los Angeles,42287,41643,+1.5%,13.47,34.9,3139.3/sq mi (1212.1/km2),September 7 1973
Rancho Santa Margarita,City,Orange,47949,47853,+0.2%,12.90,33.4,3717.0/sq mi (1435.1/km2),January 1 2000
Red Bluff,City,Tehama,14710,14076,+4.5%,7.56,19.6,1945.8/sq mi (751.3/km2),March 31 1876
Redding,City,Shasta,93611,89861,+4.2%,59.65,154.5,1569.3/sq mi (605.9/km2),October 4 1887
Redlands,City,San Bernardino,73168,68747,+6.4%,35.99,93.2,2033.0/sq mi (784.9/km2),December 3 1888
Redondo Beach,City,Los Angeles,71576,66747,+7.2%,6.21,16.1,11525.9/sq mi (4450.2/km2),April 29 1892
Redwood City,City,San Mateo,84292,76815,+9.7%,19.34,50.1,4358.4/sq mi (1682.8/km2),May 11 1867
Reedley,City,Fresno,25227,24194,+4.3%,5.51,14.3,4578.4/sq mi (1767.7/km2),February 18 1913
Rialto,City,San Bernardino,104026,99171,+4.9%,24.09,62.4,4318.2/sq mi (1667.3/km2),November 17 1911
Richmond,City,Contra Costa,116448,103701,+12.3%,30.05,77.8,3875.1/sq mi (1496.2/km2),August 7 1905
Ridgecrest,City,Kern,27959,27616,+1.2%,20.86,54.0,1340.3/sq mi (517.5/km2),November 29 1963
Rio Dell,City,Humboldt,3379,3368,+0.3%,2.28,5.9,1482.0/sq mi (572.2/km2),February 23 1965
Rio Vista,City,Solano,10005,7360,+35.9%,6.60,17.1,1515.9/sq mi (585.3/km2),January 6 1894
Ripon,City,San Joaquin,16013,14297,+12.0%,5.33,13.8,3004.3/sq mi (1160.0/km2),November 27 1945
Riverbank,City,Stanislaus,24865,22678,+9.6%,4.71,12.2,5279.2/sq mi (2038.3/km2),August 23 1922
Riverside,City,Riverside,314998,303871,+3.7%,81.23,210.4,3877.9/sq mi (1497.2/km2),October 11 1883
Rocklin,City,Placer,71601,56974,+25.7%,19.81,51.3,3614.4/sq mi (1395.5/km2),February 24 1893
Rohnert Park,City,Sonoma,44390,40971,+8.3%,7.29,18.9,6089.2/sq mi (2351.0/km2),August 28 1962
Rolling Hills,City,Los Angeles,1739,1860,−6.5%,2.99,7.7,581.6/sq mi (224.6/km2),January 24 1957
Rolling Hills Estates,City,Los Angeles,8280,8067,+2.6%,3.58,9.3,2312.8/sq mi (893.0/km2),September 18 1957
Rosemead,City,Los Angeles,51185,53764,−4.8%,5.16,13.4,9919.6/sq mi (3830.0/km2),August 4 1959
Roseville,City,Placer,147773,118788,+24.4%,44.08,114.2,3352.4/sq mi (1294.4/km2),April 10 1909
Ross,Town,Marin,2338,2415,−3.2%,1.56,4.0,1498.7/sq mi (578.7/km2),August 21 1908
Sacramento‡,City,Sacramento,524943,466488,+12.5%,98.61,255.4,5323.4/sq mi (2055.4/km2),February 27 1850
St. Helena,City,Napa,5430,5814,−6.6%,4.96,12.8,1094.8/sq mi (422.7/km2),March 24 1876
Salinas,City,Monterey,163542,150441,+8.7%,23.52,60.9,6953.3/sq mi (2684.7/km2),March 4 1874
San Anselmo,Town,Marin,12830,12336,+4.0%,2.68,6.9,4787.3/sq mi (1848.4/km2),April 9 1907
San Bernardino,City,San Bernardino,222101,209924,+5.8%,62.13,160.9,3574.8/sq mi (1380.2/km2),August 10 1869
San Bruno,City,San Mateo,43908,41114,+6.8%,5.49,14.2,7997.8/sq mi (3088.0/km2),December 23 1914
San Carlos,City,San Mateo,30722,28406,+8.2%,5.41,14.0,5678.7/sq mi (2192.6/km2),July 8 1925
San Clemente,City,Orange,64293,63522,+1.2%,18.36,47.6,3501.8/sq mi (1352.1/km2),February 28 1928
San Diego,City,San Diego,1386932,1307402,+6.1%,325.88,844.0,4256.0/sq mi (1643.2/km2),March 27 1850
San Dimas,City,Los Angeles,34924,33371,+4.7%,15.03,38.9,2323.6/sq mi (897.2/km2),August 4 1960
San Fernando,City,Los Angeles,23946,23645,+1.3%,2.37,6.1,10103.8/sq mi (3901.1/km2),August 31 1911
San Francisco,City and county,San Francisco,873965,805235,+8.5%,46.91,121.5,18630.7/sq mi (7193.3/km2),April 15 1850[13]
San Gabriel,City,Los Angeles,39568,39718,−0.4%,4.14,10.7,9557.5/sq mi (3690.2/km2),April 24 1913
San Jacinto,City,Riverside,53898,44199,+21.9%,25.96,67.2,2076.2/sq mi (801.6/km2),April 20 1888
San Joaquin,City,Fresno,3701,4001,−7.5%,1.20,3.1,3084.2/sq mi (1190.8/km2),February 14 1920
San Jose,City,Santa Clara,1013240,945942,+7.1%,178.26,461.7,5684.1/sq mi (2194.6/km2),March 27 1850
San Juan Bautista,City,San Benito,2089,1862,+12.2%,0.79,2.0,2644.3/sq mi (1021.0/km2),May 4 1896
San Juan Capistrano,City,Orange,35196,34593,+1.7%,14.43,37.4,2439.1/sq mi (941.7/km2),April 19 1961
San Leandro,City,Alameda,91008,84950,+7.1%,13.32,34.5,6832.4/sq mi (2638.0/km2),March 21 1872
San Luis Obispo,City,San Luis Obispo,47063,45119,+4.3%,13.31,34.5,3535.9/sq mi (1365.2/km2),February 16 1856
San Marcos,City,San Diego,94833,83781,+13.2%,24.36,63.1,3893.0/sq mi (1503.1/km2),January 28 1963
San Marino,City,Los Angeles,12513,13147,−4.8%,3.77,9.8,3319.1/sq mi (1281.5/km2),April 25 1913
San Mateo,City,San Mateo,105661,97207,+8.7%,12.13,31.4,8702.5/sq mi (3360.0/km2),September 4 1894
San Pablo,City,Contra Costa,32127,29139,+10.3%,2.62,6.8,12262.2/sq mi (4734.5/km2),April 27 1948
San Rafael,City,Marin,61271,57713,+6.2%,16.59,43.0,3693.2/sq mi (1426.0/km2),February 18 1874
San Ramon,City,Contra Costa,84605,72148,+17.3%,18.69,48.4,4526.8/sq mi (1747.8/km2),July 1 1983
Sand City,City,Monterey,325,334,−2.7%,0.55,1.4,590.9/sq mi (228.2/km2),May 31 1960
Sanger,City,Fresno,26617,24270,+9.7%,5.77,14.9,4613.0/sq mi (1781.1/km2),May 9 1911
Santa Ana,City,Orange,310227,324528,−4.4%,27.34,70.8,11347.0/sq mi (4381.1/km2),June 1 1886
Santa Barbara,City,Santa Barbara,88665,88410,+0.3%,19.51,50.5,4544.6/sq mi (1754.7/km2),April 9 1850
Santa Clara,City,Santa Clara,127647,116468,+9.6%,18.28,47.3,6982.9/sq mi (2696.1/km2),July 5 1852
Santa Clarita,City,Los Angeles,228673,176320,+29.7%,70.75,183.2,3232.1/sq mi (1247.9/km2),December 15 1987
Santa Cruz,City,Santa Cruz,62956,59946,+5.0%,12.74,33.0,4941.6/sq mi (1908.0/km2),March 31 1866
Santa Fe Springs,City,Los Angeles,19219,16223,+18.5%,8.86,22.9,2169.2/sq mi (837.5/km2),May 15 1957
Santa Maria,City,Santa Barbara,109707,99553,+10.2%,22.81,59.1,4809.6/sq mi (1857.0/km2),September 12 1905
Santa Monica,City,Los Angeles,93076,89736,+3.7%,8.41,21.8,11067.3/sq mi (4273.1/km2),November 30 1886
Santa Paula,City,Ventura,30657,29321,+4.6%,5.53,14.3,5543.8/sq mi (2140.5/km2),April 22 1902
Santa Rosa,City,Sonoma,178127,167815,+6.1%,42.53,110.2,4188.3/sq mi (1617.1/km2),March 26 1868
Santee,City,San Diego,60037,53413,+12.4%,16.54,42.8,3629.8/sq mi (1401.5/km2),December 1 1980
Saratoga,City,Santa Clara,31051,29926,+3.8%,12.78,33.1,2429.7/sq mi (938.1/km2),October 22 1956
Sausalito,City,Marin,7269,7061,+2.9%,1.76,4.6,4130.1/sq mi (1594.6/km2),September 4 1893
Scotts Valley,City,Santa Cruz,12224,11580,+5.6%,4.62,12.0,2645.9/sq mi (1021.6/km2),August 2 1966
Seal Beach,City,Orange,25242,24168,+4.4%,11.27,29.2,2239.8/sq mi (864.8/km2),October 27 1915
Seaside,City,Monterey,32366,33025,−2.0%,8.92,23.1,3628.5/sq mi (1401.0/km2),October 13 1954
Sebastopol,City,Sonoma,7521,7379,+1.9%,1.88,4.9,4000.5/sq mi (1544.6/km2),June 13 1902
Selma,City,Fresno,24674,23219,+6.3%,5.81,15.0,4246.8/sq mi (1639.7/km2),March 15 1893
Shafter,City,Kern,19953,16988,+17.5%,38.70,100.2,515.6/sq mi (199.1/km2),January 20 1938
Shasta Lake,City,Shasta,10371,10164,+2.0%,10.92,28.3,949.7/sq mi (366.7/km2),July 2 1993
Sierra Madre,City,Los Angeles,11268,10917,+3.2%,2.95,7.6,3819.7/sq mi (1474.8/km2),February 2 1907
Signal Hill,City,Los Angeles,11848,11016,+7.6%,2.19,5.7,5410.0/sq mi (2088.8/km2),April 22 1924
Simi Valley,City,Ventura,126356,124237,+1.7%,41.55,107.6,3041.1/sq mi (1174.2/km2),October 10 1969
Solana Beach,City,San Diego,12941,12867,+0.6%,3.41,8.8,3795.0/sq mi (1465.3/km2),July 1 1986
Soledad,City,Monterey,24925,25738,−3.2%,4.46,11.6,5588.6/sq mi (2157.8/km2),March 9 1921
Solvang,City,Santa Barbara,6126,5245,+16.8%,2.43,6.3,2521.0/sq mi (973.4/km2),May 1 1985
Sonoma,City,Sonoma,10739,10648,+0.9%,2.74,7.1,3919.3/sq mi (1513.3/km2),September 3 1883
Sonora,City,Tuolumne,5003,4903,+2.0%,3.16,8.2,1583.2/sq mi (611.3/km2),May 1 1851
South El Monte,City,Los Angeles,19567,20116,−2.7%,2.84,7.4,6889.8/sq mi (2660.2/km2),July 30 1958
South Gate,City,Los Angeles,92726,94396,−1.8%,7.24,18.8,12807.5/sq mi (4945.0/km2),January 20 1923
South Lake Tahoe,City,El Dorado,21330,21403,−0.3%,10.19,26.4,2093.2/sq mi (808.2/km2),November 30 1965
South Pasadena,City,Los Angeles,26943,25619,+5.2%,3.41,8.8,7901.2/sq mi (3050.7/km2),March 2 1888
South San Francisco,City,San Mateo,66105,63632,+3.9%,9.20,23.8,7185.3/sq mi (2774.3/km2),September 19 1908
Stanton,City,Orange,37962,38186,−0.6%,3.10,8.0,12245.8/sq mi (4728.1/km2),June 4 1956
Stockton,City,San Joaquin,320804,291707,+10.0%,62.21,161.1,5156.8/sq mi (1991.0/km2),July 23 1850
Suisun City,City,Solano,29518,28111,+5.0%,4.01,10.4,7361.1/sq mi (2842.1/km2),October 9 1868
Sunnyvale,City,Santa Clara,155805,140081,+11.2%,22.06,57.1,7062.8/sq mi (2727.0/km2),December 24 1912
Susanville,City,Lassen,16728,17947,−6.8%,7.92,20.5,2112.1/sq mi (815.5/km2),August 24 1900
Sutter Creek,City,Amador,2646,2501,+5.8%,2.70,7.0,980.0/sq mi (378.4/km2),February 11 1913
Taft,City,Kern,8546,9327,−8.4%,15.27,39.5,559.7/sq mi (216.1/km2),November 7 1910
Tehachapi,City,Kern,12939,14414,−10.2%,10.26,26.6,1261.1/sq mi (486.9/km2),August 13 1909
Tehama,City,Tehama,435,418,+4.1%,0.79,2.0,550.6/sq mi (212.6/km2),July 5 1906
Temecula,City,Riverside,110003,100097,+9.9%,37.27,96.5,2951.5/sq mi (1139.6/km2),December 1 1989
Temple City,City,Los Angeles,36494,35558,+2.6%,4.00,10.4,9123.5/sq mi (3522.6/km2),May 25 1960
Thousand Oaks,City,Ventura,126966,126683,+0.2%,55.26,143.1,2297.6/sq mi (887.1/km2),October 7 1964
Tiburon,Town,Marin,9146,8962,+2.1%,4.48,11.6,2041.5/sq mi (788.2/km2),June 23 1964
Torrance,City,Los Angeles,147067,145538,+1.1%,20.52,53.1,7167.0/sq mi (2767.2/km2),May 21 1921
Tracy,City,San Joaquin,93000,82922,+12.2%,25.89,67.1,3592.1/sq mi (1386.9/km2),July 22 1910
Trinidad,City,Humboldt,307,367,−16.3%,0.49,1.3,626.5/sq mi (241.9/km2),November 7 1870
Truckee,Town,Nevada,16729,16180,+3.4%,32.33,83.7,517.4/sq mi (199.8/km2),March 23 1993
Tulare,City,Tulare,68875,59278,+16.2%,20.39,52.8,3377.9/sq mi (1304.2/km2),April 5 1888
Tulelake,City,Siskiyou,902,1010,−10.7%,0.41,1.1,2200.0/sq mi (849.4/km2),March 1 1937
Turlock,City,Stanislaus,72740,68549,+6.1%,16.91,43.8,4301.6/sq mi (1660.9/km2),February 15 1908
Tustin,City,Orange,80276,75540,+6.3%,11.16,28.9,7193.2/sq mi (2777.3/km2),September 21 1927
Twentynine Palms,City,San Bernardino,28065,25048,+12.0%,58.75,152.2,477.7/sq mi (184.4/km2),November 23 1987
Ukiah,City,Mendocino,16607,16075,+3.3%,4.78,12.4,3474.3/sq mi (1341.4/km2),March 8 1876
Union City,City,Alameda,70143,69516,+0.9%,19.18,49.7,3657.1/sq mi (1412.0/km2),January 26 1959
Upland,City,San Bernardino,79040,73732,+7.2%,15.58,40.4,5073.2/sq mi (1958.8/km2),May 15 1906
Vacaville,City,Solano,102386,92428,+10.8%,29.87,77.4,3427.7/sq mi (1323.5/km2),August 9 1892
Vallejo,City,Solano,126090,115942,+8.8%,30.42,78.8,4145.0/sq mi (1600.4/km2),March 30 1868
Ventura,City,Ventura,110763,106433,+4.1%,21.89,56.7,5060.0/sq mi (1953.7/km2),April 2 1866
Vernon,City,Los Angeles,222,112,+98.2%,4.98,12.9,44.6/sq mi (17.2/km2),September 22 1905
Victorville,City,San Bernardino,134810,115903,+16.3%,73.71,190.9,1828.9/sq mi (706.2/km2),September 21 1962
Villa Park,City,Orange,5843,5812,+0.5%,2.08,5.4,2809.1/sq mi (1084.6/km2),January 11 1962
Visalia,City,Tulare,141384,124442,+13.6%,37.94,98.3,3726.5/sq mi (1438.8/km2),February 27 1874
Vista,City,San Diego,98381,93834,+4.8%,18.75,48.6,5247.0/sq mi (2025.9/km2),January 28 1963
Walnut,City,Los Angeles,28430,29172,−2.5%,8.99,23.3,3162.4/sq mi (1221.0/km2),January 19 1959
Walnut Creek,City,Contra Costa,70127,64173,+9.3%,19.76,51.2,3548.9/sq mi (1370.3/km2),October 21 1914
Wasco,City,Kern,27047,25545,+5.9%,9.39,24.3,2880.4/sq mi (1112.1/km2),December 22 1945
Waterford,City,Stanislaus,9120,8456,+7.9%,2.36,6.1,3864.4/sq mi (1492.1/km2),November 7 1969
Watsonville,City,Santa Cruz,52590,51199,+2.7%,6.71,17.4,7837.6/sq mi (3026.1/km2),March 30 1868
Weed,City,Siskiyou,2862,2967,−3.5%,4.82,12.5,593.8/sq mi (229.3/km2),January 25 1961
West Covina,City,Los Angeles,109501,106098,+3.2%,16.04,41.5,6826.7/sq mi (2635.8/km2),February 17 1923
West Hollywood,City,Los Angeles,35757,34399,+3.9%,1.89,4.9,18919.0/sq mi (7304.7/km2),November 29 1984
West Sacramento,City,Yolo,53915,48744,+10.6%,21.47,55.6,2511.2/sq mi (969.6/km2),January 1 1987
Westlake Village,City,Los Angeles,8029,8270,−2.9%,5.19,13.4,1547.0/sq mi (597.3/km2),December 11 1981
Westminster,City,Orange,90911,89701,+1.3%,10.04,26.0,9054.9/sq mi (3496.1/km2),March 27 1957
Westmorland,City,Imperial,2014,2225,−9.5%,0.59,1.5,3413.6/sq mi (1318.0/km2),June 30 1934
Wheatland,City,Yuba,3712,3456,+7.4%,8.12,21.0,457.1/sq mi (176.5/km2),April 23 1874
Whittier,City,Los Angeles,87306,85331,+2.3%,14.65,37.9,5959.5/sq mi (2301.0/km2),February 25 1898
Wildomar,City,Riverside,36875,32176,+14.6%,23.70,61.4,1555.9/sq mi (600.7/km2),July 1 2008
Williams,City,Colusa,5538,5123,+8.1%,4.95,12.8,1118.8/sq mi (432.0/km2),May 17 1920
Willits,City,Mendocino,4988,4888,+2.0%,2.82,7.3,1768.8/sq mi (682.9/km2),November 19 1888
Willows,City,Glenn,6293,6166,+2.1%,2.84,7.4,2215.8/sq mi (855.5/km2),January 16 1886
Windsor,Town,Sonoma,26344,26801,−1.7%,7.44,19.3,3540.9/sq mi (1367.1/km2),July 1 1992
Winters,City,Yolo,7115,6624,+7.4%,2.94,7.6,2420.1/sq mi (934.4/km2),February 9 1898
Woodlake,City,Tulare,7419,7279,+1.9%,2.61,6.8,2842.5/sq mi (1097.5/km2),September 23 1941
Woodland,City,Yolo,61032,55468,+10.0%,15.32,39.7,3983.8/sq mi (1538.2/km2),February 22 1871
Woodside,Town,San Mateo,5309,5287,+0.4%,11.47,29.7,462.9/sq mi (178.7/km2),November 16 1956
Yorba Linda,City,Orange,68336,64234,+6.4%,19.95,51.7,3425.4/sq mi (1322.5/km2),November 2 1967
Yountville,Town,Napa,3436,2933,+17.1%,1.49,3.9,2306.0/sq mi (890.4/km2),February 4 1965
Yreka,City,Siskiyou,7807,7765,+0.5%,9.99,25.9,781.5/sq mi (301.7/km2),April 21 1857
Yuba City,City,Sutter,70117,64925,+8.0%,14.98,38.8,4680.7/sq mi (1807.2/km2),January 23 1908
Yucaipa,City,San Bernardino,54542,51367,+6.2%,28.27,73.2,1929.3/sq mi (744.9/km2),November 27 1989
Yucca Valley,Town,San Bernardino,21738,20700,+5.0%,39.83,103.2,545.8/sq mi (210.7/km2),November 27 1991